date,allreg,active,new,income,npay,arpupay,arpuact, payinfilt ,cost,pcu,acu,left1,left3,left7,aol,y
2015/1/1,268697419,13053642,188053,1490428,52705,28.28,0.11,0.004,1596904,857216,442651,0.4735,0.3601,0.27,48.33,882486
2015/1/2,268877703,13053285,180284,1521818,54058,28.15,0.12,0.0041,1652331,882486,466758,0.4055,0.3221,0.2642,50.81,938950
2015/1/3,269033350,13078967,155647,1576195,55428,28.44,0.12,0.0042,1691124,938950,471478,0.4229,0.346,0.2562,51.24,970543
2015/1/4,269168824,13127856,135474,1507341,54325,27.75,0.11,0.0041,1630864,970543,487281,0.4577,0.3724,0.2835,52.88,932529
2015/1/5,269307035,13228009,138211,1578169,57236,27.57,0.12,0.0043,1682900,932529,488321,0.4472,0.3601,0.2765,52.77,923454
2015/1/6,269452951,13181538,145916,1902308,62128,30.62,0.14,0.0047,2029808,923454,487898,0.4477,0.3642,0.2654,52.82,910982
2015/1/7,269600052,13219957,147101,1682894,58002,29.01,0.13,0.0044,1821366,910982,483400,0.4672,0.3779,0.2854,52.1,904689
2015/1/8,269769116,13281341,169064,1605254,56710,28.31,0.12,0.0043,1722252,904689,406576,0.4877,0.3544,0.2835,50.99,848063
2015/1/9,269957392,13357849,188276,1599688,56264,28.43,0.12,0.0042,1677499,848063,470460,0.4084,0.3954,0.3084,50.14,849740
2015/1/10,270132749,13207790,175357,1607337,56703,28.35,0.12,0.0043,1693991,849740,468070,0.463,0.34,0.2555,50.47,898267
2015/1/11,270313431,13492152,180682,1737634,62027,28.01,0.13,0.0046,1849412,898267,489338,0.4259,0.3172,0.2443,51.61,921199
2015/1/12,270480340,13356903,166909,1616690,58208,27.77,0.12,0.0044,1727553,921199,486505,0.441,0.4198,0.3657,51.41,919288
2015/1/13,270634464,13291225,154124,1516039,55457,27.34,0.11,0.0042,1608940,919288,493326,0.458,0.3513,0.2606,52.53,903624
2015/1/14,270778984,13253977,144520,1428359,50799,28.12,0.11,0.0038,1528150,903624,480914,0.4583,0.3762,0.287,50.85,900080
2015/1/15,270940354,13168896,161370,1419219,50464,28.12,0.11,0.0038,1511167,900080,473358,0.5093,0.4589,0.32,50.95,850135
2015/1/16,271104185,13189989,163831,1418182,50585,28.04,0.11,0.0038,1487430,850135,463930,0.5115,0.3966,0.3363,49.85,864374
2015/1/17,271254890,13237354,150705,1462109,51981,28.13,0.11,0.0039,1565548,864374,460070,0.4446,0.328,0.2598,49.4,901319
2015/1/18,271413123,13482602,158233,1540222,56251,27.38,0.11,0.0042,1652558,901319,477710,0.4152,0.339,0.2745,50.24,917759
2015/1/19,271540872,13249817,127749,1446969,53292,27.15,0.11,0.004,1543326,917759,467906,0.4709,0.382,0.292,50.03,907087
2015/1/20,271696991,13347101,156119,1483638,53486,27.74,0.11,0.004,1586030,907087,472431,0.5092,0.3223,0.248,50.46,904532
2015/1/21,271852036,13403158,155045,1480310,53262,27.79,0.11,0.004,1574561,904532,472984,0.4519,0.3491,0.2916,50.18,926108
2015/1/22,272012911,13347949,160875,1483007,54396,27.26,0.11,0.0041,1569583,926108,474730,0.4735,0.3702,0.2793,50.82,852655
2015/1/23,272169316,13222736,156405,1681000,59130,28.43,0.13,0.0045,1735661,852655,474877,0.4571,0.3636,0.2706,50.98,863999
2015/1/24,272337775,13393679,168459,1587638,55501,28.61,0.12,0.0041,1727519,863999,478176,0.4545,0.3481,0.2533,50.69,909542
2015/1/25,272686223,13794324,348448,1539386,60939,25.26,0.11,0.0044,1752656,909542,502734,0.7295,0.6836,0.1176,51.64,881956
2015/1/26,272844076,13601854,157853,1417545,50072,28.31,0.1,0.0037,1496050,881956,466371,0.4848,0.4103,0.2935,49.05,887877
2015/1/27,273019777,13626578,175701,1414989,49118,28.81,0.1,0.0036,1501108,887877,467576,0.3785,0.3149,0.2232,49.01,864536
2015/1/28,273167610,13433114,147833,1367679,48036,28.47,0.1,0.0036,1443986,864536,463002,0.4688,0.3778,0.269,49.15,855487
2015/1/29,273327413,13314928,159803,1354536,47861,28.3,0.1,0.0036,1433041,855487,457644,0.4729,0.3275,0.2441,49.12,846879
2015/1/30,273473431,13131496,146018,1303453,46296,28.15,0.1,0.0035,1370696,846879,446928,0.4502,0.361,0.2638,48.6,850214
2015/1/31,273666984,13158337,193553,1332334,46945,28.38,0.1,0.0036,1383147,850214,439731,0.3619,0.2788,0.2081,47.67,875442
2015/2/1,273830899,13297040,163915,1453595,52350,27.77,0.11,0.0039,1527417,875442,454200,0.4243,0.3607,0.258,48.58,862683
2015/2/2,273979631,13152212,148732,1390519,50172,27.72,0.11,0.0038,1469851,862683,457932,0.4447,0.3591,0.2614,49.69,832073
2015/2/3,274130057,13110027,150426,1345736,49104,27.41,0.1,0.0037,1421143,832073,442706,0.4499,0.3537,0.2612,48.16,818474
2015/2/4,274282951,13080416,152894,1278051,45167,28.3,0.1,0.0035,1359717,818474,438429,0.4755,0.3465,0.2488,47.75,819313
2015/2/5,274436026,12996177,153075,1264884,46301,27.32,0.1,0.0036,1337243,819313,434664,0.4498,0.358,0.2592,47.62,789943
2015/2/6,274603446,12941159,167420,1266591,46012,27.53,0.1,0.0036,1324552,789943,432990,0.4608,0.3634,0.264,47.61,796347
2015/2/7,274781756,12989329,178310,1311250,47592,27.55,0.1,0.0037,1371913,796347,436139,0.4501,0.3508,0.2499,47.83,809970
2015/2/8,274992349,13130190,210593,1376351,50182,27.43,0.1,0.0038,1464743,809970,443839,0.4492,0.3508,0.2485,48.07,796260
2015/2/9,275275320,13129232,282971,1293977,47215,27.41,0.1,0.0036,1350394,796260,426008,0.2985,0.3161,0.1675,46.22,793811
2015/2/10,275485082,12980596,209762,1315464,46328,28.39,0.1,0.0036,1388900,793811,427495,0.3721,0.2913,0.1977,45.7,836683
2015/2/11,275666973,13203251,181891,1522801,47624,31.98,0.12,0.0036,1599042,836683,431525,0.4337,0.3343,0.2257,46.42,799894
2015/2/12,275842791,13298991,175818,1845751,49533,37.26,0.14,0.0037,1926827,799894,442079,0.4289,0.325,0.2144,47.27,806569
2015/2/13,276014745,13045820,171954,1949721,51220,38.07,0.15,0.0039,1993862,806569,447290,0.4243,0.334,0.2246,48.69,780426
2015/2/14,276189212,12810916,174467,2234750,55701,40.12,0.17,0.0043,2269380,780426,449119,0.4292,0.326,0.2264,49.85,837174
2015/2/15,276395208,13214317,205996,2304640,62143,37.09,0.17,0.0047,2379798,837174,481779,0.4371,0.3207,0.2231,51.59,820393
2015/2/16,276592662,13003639,197454,2334766,63675,36.67,0.18,0.0049,2423019,820393,461533,0.4157,0.3081,0.2237,50.16,745936
2015/2/17,276781695,12736259,189033,2284920,63603,35.92,0.18,0.005,2414043,745936,427029,0.4113,0.3304,0.2265,48.47,591422
2015/2/18,276962994,12060614,181299,2122685,57398,36.98,0.18,0.0048,2124337,591422,365484,0.4053,0.3012,0.1987,44.91,718286
2015/2/19,277168999,12815000,206005,2160689,65254,33.11,0.17,0.0051,2241340,718286,421572,0.4042,0.3081,0.208,48.38,713511
2015/2/20,277386645,12770529,217646,2278432,67556,33.73,0.18,0.0053,2379500,713511,421532,0.4151,0.3171,0.2129,48.56,719531
2015/2/21,277590482,12619131,203837,2214274,67682,32.72,0.18,0.0054,2335729,719531,422336,0.4173,0.3194,0.2144,49.29,746395
2015/2/22,277796257,12655451,205775,2319941,72733,31.9,0.18,0.0057,2438047,746395,438267,0.4192,0.3162,0.216,50.84,756974
2015/2/23,277998261,12750088,202004,2232523,71658,31.16,0.18,0.0056,2365316,756974,443577,0.4183,0.3224,0.2174,50.97,768522
2015/2/24,278199701,12736906,201440,2114143,66941,31.58,0.17,0.0053,2250863,768522,441784,0.4171,0.3295,0.2237,50.93,806040
2015/2/25,278400203,12939945,200502,2140901,68832,31.1,0.17,0.0053,2269800,806040,458471,0.4388,0.3457,0.2392,51.85,799641
2015/2/26,278601131,12953589,200928,2120085,68554,30.93,0.16,0.0053,2230702,799641,455297,0.4161,0.3198,0.2221,51.54,808997
2015/2/27,278797845,13080626,196714,2113357,69234,30.52,0.16,0.0053,2221020,808997,466266,0.4421,0.3328,0.2449,52.24,835668
2015/2/28,278994259,13119447,196414,1982122,67402,29.41,0.15,0.0051,2127034,835668,475924,0.4285,0.3291,0.2502,52.72,855382
2015/3/1,279169327,13072475,175068,2040598,69998,29.15,0.16,0.0054,2197094,855382,475706,0.4237,0.3426,0.2593,51.85,885158
2015/3/2,279336205,13034498,166878,1986266,66572,29.84,0.15,0.0051,2131139,885158,485923,0.441,0.3533,0.2876,53.18,882606
2015/3/3,279502666,13197267,166461,1871402,63711,29.37,0.14,0.0048,1994304,882606,488672,0.4543,0.3699,0.2603,52.73,881331
2015/3/4,279667035,13304680,164369,1838407,62055,29.63,0.14,0.0047,1974195,881331,494951,0.457,0.3569,0.2552,53.07,862557
2015/3/5,279839668,13349643,172633,1955594,65611,29.81,0.15,0.0049,2070713,862557,492020,0.4481,0.3513,0.2517,52.62,852644
2015/3/6,280014684,13277380,175016,2508573,74557,33.65,0.19,0.0056,2643550,852644,479704,0.4536,0.3559,0.2552,51.59,845891
2015/3/7,280192549,13254314,177865,2362511,72983,32.37,0.18,0.0055,2513965,845891,476006,0.4431,0.3266,0.25,51.13,843814
2015/3/8,280363930,13277801,171381,2294502,74160,30.94,0.17,0.0056,2469461,843814,484926,0.4068,0.3263,0.2626,51.94,891545
2015/3/9,280507015,13124689,143085,1925214,67052,28.71,0.15,0.0051,2049630,891545,483412,0.4609,0.3707,0.2791,52.22,882397
2015/3/10,280647898,13111359,140883,1817452,64741,28.07,0.14,0.0049,1943995,882397,479648,0.4626,0.3682,0.2745,51.9,882892
2015/3/11,280800099,13094757,152201,1515834,58735,25.81,0.12,0.0045,1696945,882892,471069,0.4324,0.3516,0.2576,51.26,878325
2015/3/12,280938258,12981275,138159,1812688,63530,28.53,0.14,0.0049,1866890,878325,468522,0.4639,0.3764,0.2749,51.32,868054
2015/3/13,281084804,13164179,146546,1885859,65646,28.73,0.14,0.005,1956607,868054,482675,0.4665,0.3645,0.2592,52.02,872448
2015/3/14,281260378,13371990,175574,1843208,62247,29.61,0.14,0.0047,1968867,872448,490844,0.4507,0.3304,0.2434,52.1,885969
2015/3/15,281430883,13485032,170505,1910285,66084,28.91,0.14,0.0049,2025274,885969,508809,0.4281,0.3509,0.271,53.36,899379
2015/3/16,281647353,13212291,216470,1776113,61682,28.79,0.13,0.0047,1887891,899379,482668,0.6633,0.3364,0.2908,51.69,874484
2015/3/17,281790288,13366143,142935,1686961,59823,28.2,0.13,0.0045,1812570,874484,481209,0.4255,0.3379,0.2474,50.95,881639
2015/3/18,281944206,13209837,153918,1678936,58947,28.48,0.13,0.0045,1795541,881639,482073,0.4588,0.3696,0.2754,51.57,894904
2015/3/19,282101875,13158360,157669,1725693,61159,28.22,0.13,0.0046,1832817,894904,484031,0.464,0.3678,0.2773,52.02,856334
2015/3/20,282274701,13217260,172826,1757002,60928,28.84,0.13,0.0046,1861820,856334,481002,0.4582,0.3595,0.2665,51.54,848986
2015/3/21,282477653,13311533,202952,1752978,60120,29.16,0.13,0.0045,1849479,848986,468536,0.5027,0.4036,0.3556,49.99,869177
2015/3/22,282636696,13380374,159043,1788021,65153,27.44,0.13,0.0049,1910320,869177,488402,0.4061,0.3273,0.2642,51.74,897260
2015/3/23,282770552,13142170,133856,1669813,60598,27.56,0.13,0.0046,1784985,897260,478229,0.4439,0.38,0.2668,51.52,895610
2015/3/24,282920884,13104091,150332,1553250,56532,27.48,0.12,0.0043,1674161,895610,476652,0.4524,0.3645,0.2703,51.78,877982
2015/3/25,283176454,13216980,255570,1517255,55142,27.52,0.11,0.0042,1620780,877982,472188,0.7089,0.6609,0.1924,51,882275
2015/3/26,283347472,13260893,171018,1555264,57423,27.08,0.12,0.0043,1645321,882275,478003,0.5742,0.5074,0.4294,51.32,851377
2015/3/27,283498145,13293833,150673,1504819,56288,26.73,0.11,0.0042,1601133,851377,470371,0.457,0.3534,0.2528,50.29,842426
2015/3/28,283668189,13241734,170044,1531393,56747,26.99,0.12,0.0043,1624962,842426,464505,0.4294,0.311,0.2439,49.88,854614
2015/3/29,283824147,13218053,155958,1643035,61994,26.5,0.12,0.0047,1760254,854614,477334,0.401,0.3132,0.2553,51.29,813149
2015/3/30,283963499,13100091,139352,1462841,50370,29.04,0.11,0.0038,1553772,813149,435383,0.4354,0.3492,0.263,47.28,792057
2015/3/31,284118579,12820934,155080,1450940,50053,28.99,0.11,0.0039,1536652,792057,431275,0.4449,0.3557,0.2667,47.88,796479
2015/4/1,284274526,12985711,155947,1416919,50594,28.01,0.11,0.0039,1492132,796479,431849,0.4438,0.358,0.2608,47.18,831951
2015/4/2,284421371,13021970,146845,1515890,51763,29.29,0.12,0.004,1597210,831951,449061,0.4375,0.3501,0.2513,48.92,824276
2015/4/3,284564343,13212196,142972,1951935,59296,32.92,0.15,0.0045,1914092,824276,456649,0.4491,0.3546,0.2452,49.07,834406
2015/4/4,284734381,13305996,170038,2246536,61776,36.37,0.17,0.0046,2308039,834406,473415,0.4358,0.3315,0.2226,50.43,851341
2015/4/5,284915012,13400030,180631,2321764,68253,34.02,0.17,0.0051,2484900,851341,498523,0.4084,0.2863,0.233,52.59,876410
2015/4/6,285070734,13407416,155722,2345695,69160,33.92,0.17,0.0052,2548376,876410,497374,0.4098,0.3227,0.2606,52.39,918146
2015/4/7,285192057,13057492,121323,2039082,61720,33.04,0.16,0.0047,2185025,918146,482759,0.4574,0.3691,0.2761,52.56,922343
2015/4/8,285307152,12857824,115095,2025640,62997,32.15,0.16,0.0049,2158053,922343,479277,0.4625,0.3793,0.2885,52.88,915991
2015/4/9,285419708,12843321,112556,2010012,64350,31.24,0.16,0.005,2128132,915991,474943,0.4721,0.3853,0.2843,52.35,898467
2015/4/10,285543634,12905063,123926,2108413,72852,28.94,0.16,0.0056,2157433,898467,474682,0.4728,0.373,0.2713,52.08,922585
2015/4/11,285699148,13122936,155514,2219461,78266,28.36,0.17,0.006,2291488,922585,482591,0.4337,0.315,0.249,51.92,947443
2015/4/12,285837234,13264518,138086,2207314,78458,28.13,0.17,0.0059,2342385,947443,502043,0.4164,0.3307,0.2689,53.31,916221
2015/4/13,285949248,13006232,112014,1949942,70796,27.54,0.15,0.0054,2091085,916221,486794,0.4618,0.374,0.2824,52.66,902604
2015/4/14,286062208,12950622,112960,1834653,62413,29.4,0.14,0.0048,1940416,902604,476109,0.4565,0.3664,0.2667,52.21,880737
2015/4/15,286182873,12993238,120665,1802876,58938,30.59,0.14,0.0045,1944304,880737,474636,0.4385,0.3512,0.2531,51.75,869843
2015/4/16,286317632,13019730,134759,1787196,58966,30.31,0.14,0.0045,1909248,869843,470452,0.4614,0.3709,0.2709,51.14,831800
2015/4/17,286457064,13018416,139432,1728610,57476,30.08,0.13,0.0044,1849962,831800,462272,0.4603,0.3623,0.2546,50.53,842013
2015/4/18,286622708,13226966,165644,1779630,59109,30.11,0.13,0.0045,1933840,842013,471723,0.4468,0.3225,0.2404,50.62,854750
2015/4/19,286783671,13414515,160963,1947196,64900,30,0.15,0.0048,2108651,854750,501232,0.4097,0.3241,0.2545,52.69,877931
2015/4/20,286906222,13051138,122551,1762077,59772,29.48,0.14,0.0046,1880580,877931,472601,0.4453,0.3527,0.2633,51.4,856409
2015/4/21,287026306,12932177,120084,1668805,57405,29.07,0.13,0.0044,1795916,856409,460954,0.4466,0.3606,0.2659,50.72,854621
2015/4/22,287152117,12887720,125811,1651408,57489,28.73,0.13,0.0045,1786358,854621,455256,0.457,0.3671,0.2674,49.23,846068
2015/4/23,287273812,12883178,121695,1597619,56581,28.24,0.12,0.0044,1710411,846068,454312,0.4555,0.3597,0.2653,50.22,812044
2015/4/24,287399088,12841263,125276,1726569,56138,30.76,0.13,0.0044,1793286,812044,451750,0.4473,0.3556,0.2618,50.13,799895
2015/4/25,287530401,12783004,131313,1650172,54950,30.03,0.13,0.0043,1763169,799895,443242,0.4355,0.3146,0.259,49.35,822700
2015/4/26,287731202,13244352,200801,1728092,59595,29,0.13,0.0045,1845238,822700,462767,0.2655,0.312,0.5005,49.55,856963
2015/4/27,287852375,12922058,121173,1634555,56853,28.75,0.13,0.0044,1745225,856963,457049,0.4555,0.3533,0.2592,50.38,842920
2015/4/28,288137423,13052023,285048,1559666,54643,28.54,0.12,0.0042,1675391,842920,457056,0.7836,0.7472,0.7097,49.71,833396
2015/4/29,288280444,13130223,143021,1520877,53449,28.45,0.12,0.0041,1626461,833396,449625,0.5503,0.4767,0.3984,48.51,770788
2015/4/30,288402593,13119175,122149,1440926,55925,25.77,0.11,0.0043,1538687,770788,438856,0.4425,0.3413,0.2483,47.45,816909
2015/5/1,288568375,13341484,165782,1906633,67814,28.12,0.14,0.0051,1832091,816909,441568,0.4281,0.3249,0.2203,46.92,859327
2015/5/2,288727193,13268323,158818,1652828,61704,26.79,0.12,0.0047,1729135,859327,454956,0.4253,0.3017,0.2361,48.49,907999
2015/5/3,288875897,13390906,148704,1729187,66099,26.16,0.13,0.0049,1819658,907999,459616,0.42,0.3258,0.2765,48.41,851089
2015/5/4,288994612,13215834,118715,1594076,59987,26.57,0.12,0.0045,1701171,851089,451232,0.4497,0.3674,0.2764,48.24,838504
2015/5/5,289108259,13211463,113647,1547865,59668,25.94,0.12,0.0045,1695014,838504,449882,0.4597,0.3675,0.2675,48.54,828805
2015/5/6,289226602,12749614,118343,1531853,59194,25.88,0.12,0.0046,1659409,828805,447580,0.4589,0.3713,0.2684,49.87,824523
2015/5/7,289351828,12718976,125226,1561028,56925,27.42,0.12,0.0045,1654383,824523,446347,0.4663,0.3705,0.2683,49.75,780914
2015/5/8,289488981,12839343,137153,1612563,58921,27.37,0.13,0.0046,1743176,780914,448816,0.451,0.3575,0.2562,49.5,740510
2015/5/9,289639578,12799615,150597,1510475,49986,30.22,0.12,0.0039,1604835,740510,419198,0.4388,0.3221,0.2476,46.56,759568
2015/5/10,289783718,12767385,144140,1589246,54926,28.93,0.12,0.0043,1695814,759568,426901,0.4092,0.3192,0.2597,47.44,755758
2015/5/11,289920806,12989768,137088,1451281,50741,28.6,0.11,0.0039,1551859,755758,416486,0.4207,0.3183,0.2391,45.39,751632
2015/5/12,290047745,12693371,126939,1345895,47306,28.45,0.11,0.0037,1436399,751632,405354,0.4404,0.3635,0.2598,44.28,750548
2015/5/13,290166055,12220531,118310,1340696,47342,28.32,0.11,0.0039,1422749,750548,406956,0.4423,0.3553,0.2591,47.42,746955
2015/5/14,290293412,12717555,127357,1288768,44666,28.85,0.1,0.0035,1387872,746955,403562,0.4536,0.3598,0.262,45.17,730254
2015/5/15,290421443,12688298,128031,1326547,45355,29.25,0.1,0.0036,1389610,730254,401810,0.4448,0.3505,0.2491,45.07,741103
2015/5/16,290560535,12649108,139092,1348000,45339,29.73,0.11,0.0036,1429317,741103,401246,0.421,0.3023,0.2304,45.14,745513
2015/5/17,290688484,12320749,127949,1424054,49722,28.64,0.12,0.004,1510361,745513,412714,0.397,0.3154,0.249,47.93,723751
2015/5/18,290795628,12455658,107144,1362978,47223,28.86,0.11,0.0038,1445061,723751,390876,0.475,0.3345,0.244,45.61,743291
2015/5/19,290895717,12380390,100089,1282369,45202,28.37,0.1,0.0037,1385032,743291,395940,0.4398,0.3476,0.2486,45.52,901750
2015/5/20,291026639,12275868,130922,1482546,48450,30.6,0.12,0.0039,1526875,901750,424573,0.3947,0.3087,0.2267,49.04,924297
2015/5/21,291179400,12594069,152761,1862993,56700,32.86,0.15,0.0045,1932981,924297,462828,0.3873,0.3059,0.2173,52.1,797650
2015/5/22,291339457,12525315,160057,2074992,65690,31.59,0.17,0.0052,2154756,797650,459323,0.4088,0.3156,0.2233,51.96,792799
2015/5/23,291525171,12626828,185714,2148897,68740,31.26,0.17,0.0054,2294235,792799,462206,0.4041,0.2911,0.2232,51.92,822974
2015/5/24,291687226,12581002,162055,2131066,68306,31.2,0.17,0.0054,2311492,822974,473755,0.3572,0.2869,0.2245,53.36,834123
2015/5/25,291802974,12235970,115748,1970437,65797,29.95,0.16,0.0054,2163115,834123,454002,0.4178,0.3277,0.2405,52.67,831066
2015/5/26,291957063,12329231,154089,1813344,60131,30.16,0.15,0.0049,1945009,831066,447876,0.3958,0.2949,0.2063,52,811135
2015/5/27,292076285,12187836,119222,1863214,62984,29.58,0.15,0.0052,1993562,811135,454611,0.3961,0.3163,0.2265,53.54,820647
2015/5/28,292190290,12138892,114005,1849478,66167,27.95,0.15,0.0055,1988504,820647,459913,0.4178,0.3257,0.2357,54.33,784772
2015/5/29,292319494,12192834,129204,1998845,73827,27.07,0.16,0.0061,2123694,784772,461260,0.4077,0.3142,0.2218,54.26,781115
2015/5/30,292469889,12262178,150395,1969936,72409,27.21,0.16,0.0059,2093557,781115,459260,0.4005,0.2911,0.2155,53.72,799074
2015/5/31,292609374,12310252,139485,2039178,77798,26.21,0.17,0.0063,2171790,799074,468781,0.377,0.2903,0.2324,54.74,816515
2015/6/1,292726139,12221128,116765,1810277,72227,25.06,0.15,0.0059,1928651,816515,446490,0.4077,0.3233,0.2451,52.42,828799
2015/6/2,292837239,12241402,111100,1838621,72654,25.31,0.15,0.0059,1963110,828799,472022,0.4221,0.3362,0.2442,55.29,818040
2015/6/3,292951557,12220755,114318,1800990,75270,23.93,0.15,0.0062,1898534,818040,457618,0.4259,0.3372,0.244,53.71,833705
2015/6/4,293066137,12251213,114580,1776843,73617,24.14,0.15,0.006,1890861,833705,467900,0.4274,0.3393,0.2428,54.77,802402
2015/6/5,293195697,12239979,129560,1799967,73172,24.6,0.15,0.006,1888380,802402,460944,0.4167,0.3283,0.2299,53.99,790456
2015/6/6,293352393,12419536,156696,1822711,72577,25.11,0.15,0.0058,1936851,790456,467018,0.4166,0.299,0.2181,53.94,838593
2015/6/7,293503896,12621131,151503,1940611,77240,25.12,0.15,0.0061,2056498,838593,497398,0.3802,0.297,0.232,56.58,854546
2015/6/8,293622408,12333725,118512,1771243,72266,24.51,0.14,0.0059,1904615,854546,478058,0.4213,0.3309,0.2442,55.6,848225
2015/6/9,293736703,12253521,114295,1761252,70284,25.06,0.14,0.0057,1880882,848225,469917,0.4246,0.334,0.247,55.03,829631
2015/6/10,293847807,12160851,111104,1679636,68860,24.39,0.14,0.0057,1780841,829631,464773,0.4307,0.3427,0.2484,53.86,814537
2015/6/11,293956537,12125434,108730,1596087,66260,24.09,0.13,0.0055,1723810,814537,456725,0.4413,0.353,0.2539,53.99,776383
2015/6/12,294069843,12109633,113306,1550368,63687,24.34,0.13,0.0053,1625312,776383,451065,0.4338,0.3401,0.2394,53.35,777508
2015/6/13,294213475,12200022,143632,1589402,61247,25.95,0.13,0.005,1702748,777508,464124,0.4108,0.2974,0.2279,54.5,818305
2015/6/14,294347808,12357739,134333,1666388,63693,26.16,0.13,0.0052,1771056,818305,481150,0.383,0.3059,0.2425,55.81,832269
2015/6/15,294457570,12166280,109762,1640128,62612,26.2,0.13,0.0051,1707533,832269,465932,0.4317,0.3458,0.2524,54.86,806085
2015/6/16,294563655,12120714,106085,1655459,61927,26.73,0.14,0.0051,1777732,806085,461083,0.4256,0.3353,0.2438,54.47,795786
2015/6/17,294665990,12043406,102335,1557058,61186,25.45,0.13,0.0051,1677190,795786,452073,0.4278,0.3408,0.241,53.8,784642
2015/6/18,294765711,11902452,99721,1526106,59451,25.67,0.13,0.005,1625594,784642,440663,0.4267,0.3328,0.2363,53.04,761271
2015/6/19,294889566,11973608,123855,2360580,65882,35.83,0.2,0.0055,2049843,761271,443039,0.3857,0.2989,0.2044,52.96,764547
2015/6/20,295065998,12115061,176432,2427826,65146,37.27,0.2,0.0054,2371809,764547,454728,0.3662,0.2747,0.1847,53.79,806046
2015/6/21,295225315,12232460,159317,2404853,69890,34.41,0.2,0.0057,2433186,806046,481803,0.38,0.2703,0.2079,56.4,834977
2015/6/22,295362892,12241587,137577,2371208,71604,33.12,0.19,0.0058,2462649,834977,480468,0.3716,0.2931,0.2207,58.52,815370
2015/6/23,295476066,11936874,113174,2089965,66754,31.31,0.18,0.0056,2147584,815370,453351,0.4111,0.3216,0.2306,55.74,802865
2015/6/24,295586990,11897351,110924,1648264,61845,26.65,0.14,0.0052,1935642,802865,448769,0.4088,0.3244,0.2285,55.41,772867
2015/6/25,295693775,11780355,106785,1593124,60461,26.35,0.14,0.0051,1797317,772867,436779,0.4112,0.3239,0.2294,54.44,750151
2015/6/26,295806482,11740781,112707,1604650,61893,25.93,0.14,0.0053,1768873,750151,433119,0.4195,0.3251,0.23,54.13,749860
2015/6/27,295949896,11824888,143414,1684118,63297,26.61,0.14,0.0054,1844921,749860,438258,0.4113,0.3054,0.2281,54.42,763364
2015/6/28,296080095,11899035,130199,1726202,65833,26.22,0.15,0.0055,1886288,763364,452773,0.387,0.3065,0.2347,55.9,780760
2015/6/29,296193863,11742142,113768,1616395,62415,25.9,0.14,0.0053,1776035,780760,436730,0.4178,0.326,0.2403,54.62,769981
2015/6/30,296304149,11655712,110286,1558235,60885,25.59,0.13,0.0052,1711323,769981,429000,0.4112,0.3248,0.237,54.05,788306
2015/7/1,296418058,11629351,113909,1410507,53431,26.4,0.12,0.0046,1510090,788306,419867,0.4309,0.3432,0.2413,51.02,809316
2015/7/2,296527221,11619671,109163,1533086,58798,26.07,0.13,0.0051,1613327,809316,434829,0.4389,0.341,0.2437,53.62,805768
2015/7/3,296682849,11892171,155628,2110261,72311,29.18,0.18,0.0061,2152444,805768,458389,0.5046,0.2998,0.2201,55.19,842309
2015/7/4,296858735,12089686,175886,2357636,77464,30.44,0.2,0.0064,2451237,842309,498763,0.4053,0.3091,0.2205,59.1,878829
2015/7/5,297024988,12244551,166253,2476344,86189,28.73,0.2,0.007,2639671,878829,522992,0.4068,0.3217,0.2293,61.25,1035553
2015/7/6,297184347,12387863,159359,2445861,88203,27.73,0.2,0.0071,2621534,1035553,515662,0.4799,0.3976,0.2042,59.63,897003
2015/7/7,297326201,12300721,141854,2268504,86410,26.25,0.18,0.007,2421978,897003,509216,0.4295,0.3368,0.2276,59.36,910467
2015/7/8,297472815,12338994,146614,2212623,81961,27,0.18,0.0066,2318187,910467,511616,0.4284,0.3348,0.227,59.43,895617
2015/7/9,297622287,12391834,149472,2077495,80111,25.93,0.17,0.0065,2220982,895617,513633,0.4269,0.3351,0.2258,59.43,856969
2015/7/10,297783506,12331930,161219,2347902,83388,28.16,0.19,0.0068,2484623,856969,506983,0.4161,0.3221,0.2452,58.91,842155
2015/7/11,297966531,12404138,183025,2201309,80365,27.39,0.18,0.0065,2334128,842155,513177,0.4178,0.3161,0.2184,59.32,855590
2015/7/12,298137064,12399179,170533,2087278,79535,26.24,0.17,0.0064,2238069,855590,515891,0.4061,0.3184,0.2257,59.72,863962
2015/7/13,298287482,12227498,150418,1920864,75011,25.61,0.16,0.0061,2064096,863962,500485,0.423,0.3278,0.2263,58.69,861573
2015/7/14,298440698,12226866,153216,1784143,68470,26.06,0.15,0.0056,1920415,861573,496598,0.4164,0.3198,0.2258,58.26,854288
2015/7/15,298601511,12200670,160813,1858008,69976,26.55,0.15,0.0057,1976960,854288,495218,0.3949,0.3127,0.213,58.22,864325
2015/7/16,298762045,12188867,160534,1793327,69818,25.69,0.15,0.0057,1913962,864325,499054,0.4298,0.3357,0.2373,57.13,818791
2015/7/17,298965035,12284599,202990,1815086,70665,25.69,0.15,0.0058,1934591,818791,491813,0.4445,0.3439,0.2436,57.46,826165
2015/7/18,299166258,12433633,201223,1823465,70429,25.89,0.15,0.0057,1945016,826165,491724,0.4478,0.3354,0.2321,56.79,850043
2015/7/19,299343986,12549907,177728,1839154,72721,25.29,0.15,0.0058,1969003,850043,503506,0.419,0.3316,0.2414,57.65,880885
2015/7/20,299511027,12398547,167041,1771824,70152,25.26,0.14,0.0057,1879378,880885,493484,0.4621,0.3481,0.2449,57.13,924339
2015/7/21,299666048,12457783,155021,1697508,69115,24.56,0.14,0.0055,1838246,924339,506854,0.4478,0.3537,0.2377,58.33,951867
2015/7/22,299824237,12569749,158189,1771157,71261,24.85,0.14,0.0057,1863626,951867,533745,0.451,0.3495,0.2445,60.96,929325
2015/7/23,299986113,12645185,161876,1704801,70271,24.26,0.13,0.0056,1813525,929325,537845,0.4461,0.3482,0.246,61.07,890038
2015/7/24,300148828,12652848,162715,1621454,65327,24.82,0.13,0.0052,1735554,890038,531311,0.4451,0.3439,0.2451,60.28,884896
2015/7/25,300334305,12689768,185477,1654009,65493,25.25,0.13,0.0052,1759061,884896,527519,0.4469,0.3427,0.2453,59.69,906036
2015/7/26,300588939,12759878,254634,1746620,68610,25.46,0.14,0.0054,1873691,906036,541513,0.5611,0.4986,0.1694,58.3,930712
2015/7/27,300757351,12693800,168412,1627101,66472,24.48,0.13,0.0052,1742628,930712,525618,0.4574,0.3648,0.2358,57.7,929916
2015/7/28,300917277,12856364,159926,1612829,66961,24.09,0.13,0.0052,1712945,929916,529214,0.4478,0.3493,0.2392,59.08,926792
2015/7/29,301078276,12906101,160999,1620956,66027,24.55,0.13,0.0051,1724686,926792,531127,0.4514,0.3527,0.2436,59.01,908840
2015/7/30,301245004,12925759,166728,1632781,67020,24.36,0.13,0.0052,1733245,908840,528632,0.4479,0.3486,0.2454,58.77,855718
2015/7/31,301427392,12795067,182388,1625003,65820,24.69,0.13,0.0051,1711290,855718,511144,0.4663,0.3722,0.269,58.14,861853
2015/8/1,301674047,12871458,246655,1785383,70585,25.29,0.14,0.0055,1862878,861853,508906,0.5518,0.4627,0.2379,57.59,895214
2015/8/2,301866730,13002380,192683,1752886,72210,24.27,0.13,0.0056,1872506,895214,539602,0.4724,0.3844,0.2278,60.42,902585
2015/8/3,302039960,12873553,173230,1661286,68764,24.16,0.13,0.0053,1764339,902585,507137,0.4606,0.3698,0.2272,57.39,919342
2015/8/4,302207697,12911645,167737,1591309,64456,24.69,0.12,0.005,1701087,919342,512562,0.4688,0.3755,0.2325,57.23,908325
2015/8/5,302382428,12894238,174731,1576849,65225,24.18,0.12,0.0051,1678678,908325,510745,0.4114,0.3129,0.2149,56.87,894827
2015/8/6,302540195,12816535,157767,1618620,66366,24.39,0.13,0.0052,1715038,894827,508925,0.4426,0.3415,0.2391,57.01,863830
2015/8/7,302704786,12747939,164591,1698529,66868,25.4,0.13,0.0052,1805699,863830,510528,0.4445,0.3484,0.2432,57.48,857145
2015/8/8,302872770,12826029,167984,1635798,65904,24.82,0.13,0.0051,1743147,857145,505381,0.4353,0.3325,0.1129,56.53,883045
2015/8/9,303033736,12963439,160966,1693447,70448,24.04,0.13,0.0054,1803628,883045,523572,0.4299,0.338,0.2225,57.97,870522
2015/8/10,303185316,12871769,151580,1544329,63594,24.28,0.12,0.0049,1625798,870522,482346,0.4463,0.3502,0.228,54.23,864916
2015/8/11,303494850,12948469,309534,1491756,61707,24.17,0.12,0.0048,1576133,864916,482181,0.6482,0.6086,0.3213,53.45,865153
2015/8/12,303659424,12906819,164574,1494121,62083,24.07,0.12,0.0048,1572167,865153,485501,0.4768,0.1708,0.2185,53.97,866920
2015/8/13,303824241,12856758,164817,1451851,61369,23.66,0.11,0.0048,1530872,866920,491523,0.2477,0.2855,0.2182,54.9,509310
2015/8/14,303940783,6239768,116542,332912,14481,22.99,0.05,0.0023,317147,509310,211573,0.1078,0.6642,0.6274,25.71,902591
2015/8/15,304286926,12530655,346143,1349121,51023,26.44,0.11,0.0041,1433477,902591,569383,0.5091,0.4337,0.3561,55.1,915297
2015/8/16,304476768,12856698,189842,1527117,58471,26.12,0.12,0.0045,1630757,915297,510634,0.4569,0.3183,0.2257,57.08,868589
2015/8/17,304676604,12534111,199836,1479873,58759,25.19,0.12,0.0047,1567244,868589,481857,0.5615,0.2644,0.186,55.19,864808
2015/8/18,304823125,12664300,146521,1466591,59618,24.6,0.12,0.0047,1557916,864808,477969,0.4368,0.3213,0.2334,54.17,835572
2015/8/19,304982854,12463049,159729,1443336,59517,24.25,0.12,0.0048,1530544,835572,473920,0.4511,0.3903,0.2403,54.61,793903
2015/8/20,305162675,11716517,179821,1146494,48931,23.43,0.1,0.0042,1200827,793903,485193,0.396,0.2967,0.2053,48.93,1176582
2015/8/21,305353432,13199493,190757,2202183,68916,31.95,0.17,0.0052,2092300,1176582,531162,0.4161,0.3234,0.2283,57.49,1020875
2015/8/22,305573553,13006807,220121,3263202,82557,39.53,0.25,0.0063,3007970,1020875,562720,0.4003,0.306,0.222,62,1084762
2015/8/23,305821950,13160611,248397,2888531,84110,34.34,0.22,0.0064,2877860,1084762,577908,0.4021,0.3172,0.2344,62.91,1089607
2015/8/24,306049652,13118633,227702,2632461,82018,32.1,0.2,0.0063,2681675,1089607,555134,0.4163,0.3271,0.2349,60.56,974725
2015/8/25,306287506,13178591,237854,2547114,81450,31.27,0.19,0.0062,2595186,974725,545362,0.4179,0.3326,0.2322,59.31,989296
2015/8/26,306494878,13136263,207372,2650332,83133,31.88,0.2,0.0063,2688576,989296,551216,0.4331,0.3262,0.2409,60.11,999898
2015/8/27,306698130,13085260,203252,2208737,83131,26.57,0.17,0.0064,2570300,999898,564906,0.4086,0.318,0.2274,61.85,988037
2015/8/28,306888048,13269248,189918,2509319,93011,26.98,0.19,0.007,2725481,988037,565762,0.4235,0.3248,0.2386,61.5,959074
2015/8/29,307095290,13309581,207242,2474222,93564,26.44,0.19,0.007,2644631,959074,559064,0.4538,0.3535,0.2381,60.31,975740
2015/8/30,307298067,13371337,202777,2491204,94532,26.35,0.19,0.0071,2693940,975740,570761,0.4124,0.332,0.2452,63.1,967918
2015/8/31,307470736,13088416,172669,2232035,86287,25.87,0.17,0.0066,2519985,967918,537736,0.3612,0.2918,0.2471,58.88,987547
2015/9/1,307617080,13092789,146344,2101229,84756,24.79,0.16,0.0065,2316732,987547,536170,0.4406,0.3591,0.255,58.74,966614
2015/9/2,307795879,13255503,178799,2067377,85060,24.3,0.16,0.0064,2240052,966614,556792,0.4055,0.3244,0.2248,60.12,951853
2015/9/3,307973100,13292135,177221,2058796,84017,24.5,0.15,0.0063,2240345,951853,540442,0.4254,0.3267,0.218,58.34,946145
2015/9/4,308145620,13304620,172520,2020879,80352,25.15,0.15,0.006,2201728,946145,551891,0.4245,0.3085,0.2214,59.43,944410
2015/9/5,308330498,13248079,184878,2035412,83657,24.33,0.15,0.0063,2222265,944410,543732,0.5243,0.3097,0.3989,58.88,945673
2015/9/6,308543305,13024778,212807,2016342,82876,24.33,0.15,0.0064,2156567,945673,525056,0.682,0.4589,0.5873,57.76,935567
2015/9/7,308692127,12785852,148822,1923690,81213,23.69,0.15,0.0064,2095712,935567,511674,0.5458,0.3257,0.2546,57.35,913753
2015/9/8,308839479,12729669,147352,1903953,80369,23.69,0.15,0.0063,2045743,913753,503839,0.5948,0.5136,0.389,56.71,913085
2015/9/9,308979613,12798545,140134,1908284,80930,23.58,0.15,0.0063,2052155,913085,507736,0.526,0.357,0.3103,56.92,926165
2015/9/10,309116638,12652400,137025,1796500,77240,23.26,0.14,0.0061,1933983,926165,499956,0.3996,0.3328,0.2483,52.49,957849
2015/9/11,309254207,12938297,137569,2114437,85868,24.62,0.16,0.0066,2238842,957849,523993,0.4121,0.3177,0.2282,57.96,925669
2015/9/12,309424057,12986445,169850,2477495,93632,26.46,0.19,0.0072,2653462,925669,536091,0.4072,0.3033,0.2441,59.23,945549
2015/9/13,309571763,12975255,147706,2324958,93461,24.88,0.18,0.0072,2506611,945549,551220,0.3687,0.2987,0.2447,60.96,1016515
2015/9/14,309686889,12545057,115126,2136381,85001,25.13,0.17,0.0068,2297187,1016515,529481,0.4097,0.3275,0.2451,60.42,962888
2015/9/15,309802897,12641104,116008,2177334,88238,24.68,0.17,0.007,2360894,962888,534014,0.4284,0.3481,0.2567,60.61,933900
2015/9/16,309969287,12522016,166390,2148497,88559,24.26,0.17,0.0071,2319773,933900,513696,0.4343,0.5045,0.1623,58.89,920039
2015/9/17,310336356,12677566,367069,2033080,86733,23.44,0.16,0.0068,2189136,920039,503189,0.6627,0.6591,0.2555,57,875247
2015/9/18,311237198,13420490,900842,2143099,87969,24.36,0.16,0.0066,2290457,875247,499190,0.8944,0.8957,0.0359,53.38,864221
2015/9/19,311489300,13657512,252102,2102693,87601,24,0.15,0.0064,2265124,864221,497851,0.5274,0.5175,0.1461,52.33,871199
2015/9/20,311640634,13651304,151334,2166399,91214,23.75,0.16,0.0067,2312868,871199,507627,0.4366,0.3451,0.2749,53.44,906034
2015/9/21,311830844,13524513,190210,2124088,90343,23.51,0.16,0.0067,2259027,906034,495464,0.5941,0.5317,0.2623,52.56,930896
2015/9/22,311970751,13007112,139907,2107889,91770,22.97,0.16,0.0071,2254613,930896,498565,0.3841,0.3209,0.2411,55.05,912561
2015/9/23,312075178,12312945,104427,1993971,88630,22.5,0.16,0.0072,2136156,912561,490283,0.4246,0.3404,0.2427,57.04,904663
2015/9/24,312186449,12449946,111271,1839885,80480,22.86,0.15,0.0065,1978515,904663,482775,0.4238,0.3367,0.2403,55.68,836779
2015/9/25,312317038,12169769,130589,2064926,84482,24.44,0.17,0.0069,2198119,836779,470679,0.461,0.3572,0.199,55.53,798223
2015/9/26,312542605,12372134,225567,1950358,81234,24.01,0.16,0.0066,2083206,798223,462337,0.4146,0.3424,0.2277,53.68,770157
2015/9/27,312673887,12203703,131282,2027147,85332,23.76,0.17,0.007,2146732,770157,458235,0.3552,0.2773,0.2163,54.01,813853
2015/9/28,312815598,12144343,141711,1981018,85094,23.28,0.16,0.007,2102824,813853,456066,0.2937,0.2369,0.1717,53.94,887029
2015/9/29,312968867,11879911,153269,1892167,83930,22.54,0.16,0.0071,1988099,887029,459834,0.4371,0.2637,0.1946,53.27,892227
2015/9/30,313143185,12182135,174318,2967174,96148,30.86,0.24,0.0079,2648053,892227,528489,0.3387,0.262,0.2199,61.91,1025002
2015/10/1,313308595,12345226,165410,3056544,102129,29.93,0.25,0.0083,2869873,1025002,544355,0.3961,0.2997,0.2144,63.29,1029971
2015/10/2,313471312,12076968,162717,2677131,97548,27.44,0.22,0.0081,2705064,1029971,533062,0.4084,0.3189,0.2088,63.38,1049408
2015/10/3,313691939,12230232,220627,2499369,95739,26.11,0.2,0.0078,2594347,1049408,527767,0.5882,0.2153,0.1437,61.94,939383
2015/10/4,313855375,12498510,163436,2524782,93844,26.9,0.2,0.0075,2583022,939383,538411,0.363,0.2893,0.2669,61.85,957677
2015/10/5,314008887,12371386,153512,2601282,100356,25.92,0.21,0.0081,2707236,957677,551395,0.4549,0.3698,0.2884,63.9,975351
2015/10/6,314148016,12595941,139129,2604621,101499,25.66,0.21,0.0081,2717242,975351,553893,0.4118,0.306,0.2304,63.18,980349
2015/10/7,314297282,12507379,149266,2634514,102482,25.71,0.21,0.0082,2705399,980349,556214,0.5045,0.4591,0.3257,63.95,968678
2015/10/8,314410839,12278436,113557,2116547,95955,22.06,0.17,0.0078,2455980,968678,526069,0.5256,0.4562,0.3576,61.53,964760
2015/10/9,314611496,12261921,200657,2563439,107977,23.74,0.21,0.0088,2865231,964760,517902,0.6284,0.5508,0.5283,60.64,919448
2015/10/10,314754515,12216318,143019,2291443,101647,22.54,0.19,0.0083,2574894,919448,513337,0.5915,0.4418,0.1973,60.3,918208
2015/10/11,314907396,12371000,152881,2356836,104853,22.48,0.19,0.0085,2619731,918208,516853,0.3671,0.3086,0.2153,60.07,943314
2015/10/12,314999840,11975456,92444,2181461,98109,22.24,0.18,0.0082,2434082,943314,505545,0.444,0.3614,0.2721,60.59,942447
2015/10/13,315089803,12160068,89963,1994449,93644,21.3,0.16,0.0077,2208136,942447,515003,0.4503,0.3632,0.2723,60.77,931950
2015/10/14,315180543,12100175,90740,1945488,88373,22.01,0.16,0.0073,2128170,931950,511481,0.4464,0.3664,0.2704,60.68,930570
2015/10/15,315325264,11930431,144721,1922847,89971,21.37,0.16,0.0075,2091913,930570,508033,0.6372,0.5985,0.1622,61.09,902419
2015/10/16,315556511,12089748,231247,2204452,93763,23.51,0.18,0.0078,2319633,902419,505520,0.7087,0.4021,0.4531,59.95,904157
2015/10/17,315725271,12265078,168760,2210297,95233,23.21,0.18,0.0078,2376300,904157,519601,0.367,0.2734,0.2307,60.84,915625
2015/10/18,315924324,12316383,199053,2207337,98208,22.48,0.18,0.008,2379251,915625,529262,0.424,0.3716,0.4092,61.7,957044
2015/10/19,316051228,12330592,126904,2108357,97709,21.58,0.17,0.0079,2301149,957044,521262,0.5007,0.4227,0.3053,60.66,941626
2015/10/20,316178884,12314617,127656,2146389,96667,22.2,0.17,0.0078,2268974,941626,519313,0.4361,0.3595,0.2698,60.61,936162
2015/10/21,316298137,12260886,119253,2046940,96295,21.26,0.17,0.0079,2197341,936162,519028,0.4591,0.376,0.2756,60.9,938134
2015/10/22,316411072,12553246,112935,2015634,96830,20.82,0.16,0.0077,2177175,938134,524502,0.4566,0.3729,0.2632,60.05,922588
2015/10/23,316537376,12438380,126304,2135085,97802,21.83,0.17,0.0079,2251096,922588,523152,0.4661,0.3717,0.2664,60.31,914530
2015/10/24,316714672,12405725,177296,2062723,92903,22.2,0.17,0.0075,2205988,914530,528886,0.4085,0.3168,0.2483,61.14,930551
2015/10/25,316869706,12725464,155034,2129544,97098,21.93,0.17,0.0076,2281125,930551,542257,0.3684,0.2892,0.2275,61.17,956655
2015/10/26,316987416,12241914,117710,2120127,97995,21.64,0.17,0.008,2275216,956655,534047,0.4943,0.401,0.3291,62.51,947231
2015/10/27,317153022,12314128,165606,1977342,96573,20.48,0.16,0.0078,2107863,947231,519782,0.3956,0.5322,0.4815,60.62,915130
2015/10/28,317256695,11861454,103673,1653756,81008,20.41,0.14,0.0068,1763566,915130,511876,0.4619,0.3747,0.2679,53.82,887108
2015/10/29,317365784,12511920,109089,1812908,88877,20.4,0.14,0.0071,1928151,887108,499533,0.4523,0.361,0.2673,57.4,875202
2015/10/30,317475318,12656316,109534,1851544,87419,21.18,0.15,0.0069,1950405,875202,493126,0.4533,0.3553,0.2647,55.82,905290
2015/10/31,317619709,12658093,144391,2270834,90893,24.98,0.18,0.0072,2397155,905290,516354,0.417,0.2838,0.2307,58.5,934344
2015/11/1,317795469,12786116,175760,2530676,106526,23.76,0.2,0.0083,2692847,934344,539294,0.3207,0.2486,0.2029,60.57,966541
2015/11/2,317901338,12421847,105869,2386728,105040,22.72,0.19,0.0085,2540998,966541,527435,0.4567,0.3699,0.2835,60.88,953104
2015/11/3,318004816,12314446,103478,2287142,104659,21.85,0.19,0.0085,2439507,953104,522510,0.4588,0.3748,0.2786,60.84,941881
2015/11/4,318115027,12364271,110211,2185656,98242,22.25,0.18,0.0079,2341138,941881,507324,0.473,0.3863,0.2745,60.98,943074
2015/11/5,318329379,12756666,214352,2137311,103997,20.55,0.17,0.0082,2288332,943074,527606,0.7077,0.4379,0.3772,59.2,903981
2015/11/6,318561952,12928685,232573,2889177,143222,20.17,0.22,0.0111,2705175,903981,527936,0.5801,0.5493,0.5206,58.48,904379
2015/11/7,318914583,13126449,352631,2505707,123641,20.27,0.19,0.0094,2615973,904379,531026,0.7475,0.6272,0.2225,58.19,902526
2015/11/8,319081049,12951472,166466,2414482,121664,19.85,0.19,0.0094,2568059,902526,529339,0.523,0.4885,0.2307,58.58,911823
2015/11/9,319206071,12793381,125022,2215169,112596,19.67,0.17,0.0088,2378431,911823,510528,0.5593,0.4926,0.3791,57.23,843880
2015/11/10,319301414,12606026,95343,2020939,106725,18.94,0.16,0.0085,2133542,843880,641273,0.4478,0.3759,0.2793,55.11,826611
2015/11/11,319388049,12018437,86635,1760053,95485,18.43,0.15,0.0079,1922670,826611,462181,0.4669,0.378,0.2824,55.06,891111
2015/11/12,319483177,12643261,95128,1927388,104286,18.48,0.15,0.0082,2085933,891111,499242,0.4618,0.3744,0.2778,56.54,859072
2015/11/13,319598387,12571711,115210,2394007,104397,22.93,0.19,0.0083,2533563,859072,502000,0.4243,0.3307,0.2423,57.05,870027
2015/11/14,319761749,12545050,163362,2101899,92636,22.69,0.17,0.0074,2253911,870027,494757,0.3983,0.2926,0.23,56.35,889628
2015/11/15,319895036,12679665,133287,2123358,97866,21.7,0.17,0.0077,2284079,889628,506482,0.4063,0.3295,0.2656,57.12,913148
2015/11/16,320000318,12193007,105282,2083461,98123,21.23,0.17,0.008,2237664,913148,507911,0.4604,0.3714,0.2837,59.42,897250
2015/11/17,320120538,12457909,120220,1983663,97584,20.33,0.16,0.0078,2115586,897250,499000,0.4588,0.3383,0.2523,57.43,877710
2015/11/18,320226828,12295075,106290,1930177,96893,19.92,0.16,0.0079,2069819,877710,492839,0.4486,0.3675,0.2754,57.44,884270
2015/11/19,320323164,12397555,96336,1927684,97211,19.83,0.16,0.0078,2058695,884270,491215,0.4657,0.3803,0.2699,56.6,862462
2015/11/20,320426798,12254623,103634,2116804,99150,21.35,0.17,0.0081,2228366,862462,494431,0.4641,0.3679,0.2606,57.68,844694
2015/11/21,320555598,12445723,128800,2098110,100584,20.86,0.17,0.0081,2224288,844694,494376,0.4457,0.3255,0.25,56.91,864433
2015/11/22,320670343,12523827,114745,2173964,105941,20.52,0.17,0.0085,2322205,864433,501952,0.4168,0.3384,0.2666,57.49,890837
2015/11/23,320767206,12470414,96863,2062957,101147,20.4,0.17,0.0081,2199966,890837,497540,0.4629,0.3598,0.2815,57.13,885966
2015/11/24,320860201,12437303,92995,1813177,90061,20.13,0.15,0.0072,1942215,885966,493264,0.4423,0.3634,0.2752,56.2,871600
2015/11/25,320948852,11958039,88651,1603571,83670,19.17,0.13,0.007,1731651,871600,493187,0.4648,0.379,0.2868,51.94,974005
2015/11/26,321032843,11850392,83991,1663327,85584,19.44,0.14,0.0072,1790718,974005,473215,0.4668,0.379,0.2816,55.62,807833
2015/11/27,321126043,11947519,93200,1722951,85053,20.26,0.14,0.0071,1833141,807833,453921,0.4651,0.3678,0.2724,54.37,823493
2015/11/28,321251483,12010746,125440,1750822,85698,20.43,0.15,0.0071,1865698,823493,463377,0.4437,0.3299,0.2616,55.09,835889
2015/11/29,321362060,12112549,110577,1845251,92455,19.96,0.15,0.0076,1951464,835889,475450,0.4179,0.3429,0.2762,56.12,877092
2015/11/30,321456656,12163506,94596,1795001,91835,19.55,0.15,0.0076,1915111,877092,478104,0.4725,0.383,0.2898,56.17,858827
2015/12/1,321548836,12114450,92180,1844068,94733,19.47,0.15,0.0078,1943407,858827,477631,0.4693,0.38,0.2829,56.55,869536
2015/12/2,321638967,12230861,90131,1821108,94172,19.34,0.15,0.0077,1920089,869536,488684,0.4692,0.3842,0.2829,57.29,832112
2015/12/3,321736391,12137487,97424,1709066,91957,18.59,0.14,0.0076,1814269,832112,466102,0.4683,0.3776,0.2856,55,993362
2015/12/4,321844986,12291984,108595,2768599,98512,28.1,0.23,0.008,2502628,993362,514745,0.4889,0.3823,0.2852,59.31,1002050
2015/12/5,321992590,12938150,147604,3230027,110750,29.17,0.25,0.0086,3100644,1002050,562298,0.521,0.4108,0.3436,61.74,1008739
2015/12/6,322129532,12900687,136942,3205554,119867,26.74,0.25,0.0093,3189414,1008739,560566,0.5239,0.4568,0.3927,61.71,1044046
2015/12/7,322231251,12810729,101719,2967273,119070,24.92,0.23,0.0093,3012925,1044046,555196,0.5152,0.4236,0.317,61.4,1029952
2015/12/8,322340893,12744768,109642,2902719,121059,23.98,0.23,0.0095,2927564,1029952,555041,0.5257,0.424,0.3141,61.68,1018315
2015/12/9,322459611,12714395,118718,2654652,137827,19.26,0.21,0.0108,3027585,1018315,572517,0.5154,0.4215,0.3105,64.19,999836
2015/12/10,322570606,12890155,110995,2649636,136834,19.36,0.21,0.0106,2894676,999836,559325,0.5097,0.4123,0.3046,61.74,971916
2015/12/11,322684998,12680913,114392,3355367,392584,8.55,0.26,0.031,3274126,971916,551481,0.5061,0.4035,0.2885,62.22,939207
2015/12/12,322845038,12631490,160040,2908328,253760,11.46,0.23,0.0201,3065477,939207,531610,0.4906,0.3641,0.2794,59.86,987938
2015/12/13,322988419,12856663,143381,2965755,221830,13.37,0.23,0.0173,3216274,987938,575354,0.46,0.3702,0.2987,63.33,1012410
2015/12/14,323104478,12921470,116059,2679883,188662,14.2,0.21,0.0146,2899171,1012410,562076,0.5097,0.4156,0.3166,61.46,984379
2015/12/15,323210729,12860145,106251,2430132,170192,14.28,0.19,0.0132,2622655,984379,542349,0.5156,0.4164,0.3134,59.16,957446
2015/12/16,323313462,12683691,102733,2418725,164588,14.7,0.19,0.013,2586764,957446,527413,0.5069,0.4161,0.313,59.05,947097
2015/12/17,323410457,12721351,96995,2352265,156501,15.03,0.18,0.0123,2495477,947097,512123,0.5101,0.414,0.31,57.36,894343
2015/12/18,323524064,12947116,113607,2245685,118709,18.92,0.17,0.0092,2376826,894343,504155,0.5204,0.417,0.3033,54.81,917739
2015/12/19,323673818,13019528,149754,2314755,120049,19.28,0.18,0.0092,2475189,917739,512934,0.4876,0.3649,0.2879,56.09,954100
2015/12/20,323808746,13326125,134928,2444947,128846,18.98,0.18,0.0097,2629037,954100,536025,0.4644,0.3824,0.3046,57.09,964920
2015/12/21,323922018,13096211,113272,2357412,124598,18.92,0.18,0.0095,2527351,964920,534732,0.5189,0.4212,0.3181,57.92,961801
2015/12/22,324034994,13110598,112976,2444251,127827,19.12,0.19,0.0097,2628393,961801,535221,0.5104,0.4111,0.3055,57.69,948980
2015/12/23,324146570,13277323,111576,2408504,127054,18.96,0.18,0.0096,2577282,948980,537946,0.5098,0.4173,0.3079,56.87,986489
2015/12/24,324252236,13014931,105666,2184764,114852,19.02,0.17,0.0088,2332463,986489,524899,0.5056,0.4112,0.3037,56.96,967071
2015/12/25,324383602,13193186,131366,2639211,126522,20.86,0.2,0.0096,2421902,967071,530562,0.5084,0.4001,0.2941,56.71,948037
2015/12/26,324539473,13643354,155871,2460309,123116,19.98,0.18,0.009,2483448,948037,533655,0.4884,0.3624,0.296,55.6,952996
2015/12/27,324683705,12676884,144232,2337422,123592,18.91,0.18,0.0097,2599927,952996,548735,0.4615,0.3767,0.2927,61.23,951942
2015/12/28,324833454,13350578,149749,2154045,113909,18.91,0.16,0.0085,2339390,951942,518355,0.6069,0.5302,0.4412,55.24,937465
2015/12/29,324961381,12551879,127927,2188973,115908,18.89,0.17,0.0092,2363452,937465,507044,0.5209,0.4222,0.3148,57.47,944015
2015/12/30,325149662,13622034,188281,2286318,118016,19.37,0.17,0.0087,2459236,944015,516171,0.6932,0.6294,0.5706,53.97,907853
2015/12/31,325382808,13598851,233146,2649579,113589,23.33,0.19,0.0084,2817282,907853,529123,0.6772,0.6163,0.5541,54.63,963995
2016/1/1,325978667,14387314,595859,4068171,175966,23.12,0.28,0.0122,3931410,963995,553888,0.8488,0.7963,0.6011,54.32,1021679
2016/1/2,326225962,13896928,247295,3518736,156211,22.53,0.25,0.0112,3757246,1021679,584320,0.6859,0.6055,0.5625,59.1,1038881
2016/1/3,326379247,14646593,153285,3395173,160883,21.1,0.23,0.011,3668660,1038881,591168,0.517,0.4418,0.3097,56.67,1075854
2016/1/4,326563665,14586179,184418,3116602,149431,20.86,0.21,0.0102,3356815,1075854,597028,0.6715,0.6153,0.35,57.29,1065196
2016/1/5,326728131,14630350,164466,3187440,161047,19.79,0.22,0.011,3389645,1065196,599752,0.6462,0.4151,0.2804,57.34,1036345
2016/1/6,326871228,14582297,143097,3101407,159222,19.48,0.21,0.0109,3298918,1036345,582369,0.5471,0.441,0.3512,55.63,1031303
2016/1/7,326996485,14229804,125257,2831807,144192,19.64,0.2,0.0101,3029684,1031303,579347,0.5336,0.428,0.3228,56.91,1004369
2016/1/8,327149821,14062687,153336,3264819,154239,21.17,0.23,0.011,3389601,1004369,568020,0.5248,0.4188,0.3146,56.38,993822
2016/1/9,327300445,13585108,150624,3110522,153739,20.23,0.23,0.0113,3307654,993822,574671,0.5024,0.3819,0.2954,58.97,997008
2016/1/10,327438159,13732434,137714,3183194,160652,19.81,0.23,0.0117,3386646,997008,591143,0.487,0.3987,0.3026,59.79,1016395
2016/1/11,327569381,13960717,131222,3109798,158584,19.61,0.22,0.0114,3347422,1016395,580429,0.5794,0.4966,0.4018,58.71,990964
2016/1/12,327730215,14311511,160834,2861980,142125,20.14,0.2,0.0099,3044652,990964,552106,0.6741,0.6098,0.5289,55.24,978508
2016/1/13,327852909,14303232,122694,2686587,138373,19.42,0.19,0.0097,2879031,978508,547808,0.5661,0.4748,0.35,53.92,975197
2016/1/14,327986376,14158748,133467,2634047,137789,19.12,0.19,0.0097,2854686,975197,542529,0.5273,0.4587,0.3627,54.02,929311
2016/1/15,328106191,14332475,119815,2654015,137715,19.27,0.19,0.0096,2831750,929311,540898,0.5052,0.4021,0.2984,52.88,919660
2016/1/16,328493661,14665933,387470,2685681,137990,19.46,0.18,0.0094,2864920,919660,536560,0.7315,0.6069,0.459,51.46,948443
2016/1/17,328659950,14706423,166289,2849409,146342,19.47,0.19,0.01,3016068,948443,550038,0.4153,0.3212,0.2846,52.54,963848
2016/1/18,329005659,14497967,345709,2706346,138745,19.51,0.19,0.0096,2896199,963848,536741,0.4002,0.4219,0.3701,52.08,941592
2016/1/19,329204301,14773982,198642,2614077,135769,19.25,0.18,0.0092,2802512,941592,520024,0.5265,0.3951,0.1821,49.85,926755
2016/1/20,329726169,14746621,521868,2604023,135933,19.16,0.18,0.0092,2784183,926755,525427,0.6645,0.6212,0.4943,50.45,918901
2016/1/21,330362760,15926166,636591,2484858,130658,19.02,0.16,0.0082,2673611,918901,524526,0.4862,0.5349,0.459,46.43,938494
2016/1/22,330877528,15589384,514768,2555739,132790,19.25,0.16,0.0085,2701370,938494,530370,0.2608,0.3454,0.2075,47.84,918657
2016/1/23,331347922,15553142,470394,2545752,130175,19.56,0.16,0.0084,2710696,918657,519521,0.4122,0.3791,0.3439,47.09,927523
2016/1/24,331677838,15475928,329916,2408622,121160,19.88,0.16,0.0078,2592344,927523,519151,0.7444,0.6168,0.7316,47.33,876980
2016/1/25,331934060,15169433,256222,2262997,111888,20.23,0.15,0.0074,2402390,876980,484011,0.7073,0.7173,0.1231,45.22,882500
2016/1/26,333761804,16986408,1827744,2229811,112963,19.74,0.13,0.0067,2372431,882500,482815,0.1657,0.1477,0.795,40.16,875251
2016/1/27,333718917,15925834,151192,2301040,117939,19.51,0.14,0.0074,2450562,875251,499324,0.3938,0.4379,0.3724,44.29,883801
2016/1/28,334056820,16088967,337903,2282649,119434,19.11,0.14,0.0074,2418976,883801,505884,0.8033,0.7726,0.723,44.69,1048685
2016/1/29,334434593,17066651,377773,2386362,112938,21.13,0.14,0.0066,2486645,1048685,523574,0.6334,0.5511,0.5786,42.01,1061489
2016/1/30,334760964,17936848,326371,3300035,125311,26.33,0.18,0.007,3470084,1061489,615239,0.6291,0.4762,0.2925,48.9,1085421
2016/1/31,334986071,17982097,225107,3487073,147183,23.69,0.19,0.0082,3682827,1085421,638356,0.5852,0.3087,0.1846,50.56,1131347
2016/2/1,335210817,17669752,224746,3408857,158899,21.45,0.19,0.009,3585529,1131347,633495,0.4666,0.3581,0.2217,51,1105974
2016/2/2,335857518,18711818,646701,3232953,152682,21.17,0.17,0.0082,3416003,1105974,630773,0.7809,0.7593,0.0827,48.06,1075529
2016/2/3,336130251,19073184,272733,4062114,158494,25.63,0.21,0.0083,3605386,1075529,605176,0.4803,0.4525,0.1732,45.29,1070795
2016/2/4,336830580,19035107,700329,4301811,443324,9.7,0.23,0.0233,3766983,1070795,608908,0.6806,0.2223,0.2959,45.59,1012329
2016/2/5,337321229,18172330,490649,4023206,243876,16.5,0.22,0.0134,3822620,1012329,581641,0.5058,0.1256,0.1584,45.7,949812
2016/2/6,337548594,15714493,227365,4017184,202115,19.88,0.26,0.0129,3911509,949812,546940,0.3295,0.265,0.2213,49.8,724616
2016/2/7,337723269,14339042,174675,2736678,132269,20.69,0.19,0.0092,2734481,724616,452903,0.4613,0.3338,0.2322,45.49,1148601
2016/2/8,337940890,14524860,217621,3677795,176717,20.81,0.25,0.0122,3675761,1148601,564388,0.5236,0.4379,0.3384,55.19,930978
2016/2/9,338202554,14943307,261664,4005871,183390,21.84,0.27,0.0123,4042128,930978,534897,0.6434,0.5756,0.492,51.17,938232
2016/2/10,338377545,16317027,174991,3960496,184498,21.47,0.24,0.0113,4051286,938232,549807,0.4726,0.366,0.2414,48.14,962312
2016/2/11,338661278,16788677,283733,3890355,208958,18.62,0.23,0.0124,4438631,962312,568277,0.654,0.5851,0.5013,48.35,983050
2016/2/12,338937656,17434636,276378,3779226,212082,17.82,0.22,0.0122,4270965,983050,594729,0.5003,0.479,0.3461,48.53,996251
2016/2/13,339141101,17838725,203445,3756054,215710,17.41,0.21,0.0121,4166315,996251,604987,0.5101,0.3874,0.3063,48.1,981264
2016/2/14,339338193,18995241,197092,3618100,213699,16.93,0.19,0.0113,3991249,981264,590506,0.4236,0.4381,0.343,44.37,1040102
2016/2/15,339537589,16960746,199396,3614940,202336,17.87,0.21,0.0119,3974021,1040102,598162,0.4874,0.4761,0.3915,50.26,1019761
2016/2/16,339790328,18321395,252739,3404259,201642,16.88,0.19,0.011,3691708,1019761,572961,0.6208,0.5586,0.4829,44.7,1015787
2016/2/17,339951795,18514802,161467,3364282,202315,16.63,0.18,0.0109,3629559,1015787,566989,0.4532,0.3657,0.3364,43.71,1034245
2016/2/18,340162081,18009543,210286,3355509,204898,16.38,0.19,0.0114,3606347,1034245,568807,0.5584,0.4825,0.396,45.01,1039937
2016/2/19,340448162,18432225,286081,3396741,209098,16.24,0.18,0.0113,3621308,1039937,592955,0.7118,0.6526,0.5796,45.78,1031307
2016/2/20,340716451,18971640,268289,3389247,206606,16.4,0.18,0.0109,3627597,1031307,583707,0.5178,0.2405,0.4222,43.85,1043698
2016/2/21,341000380,18818040,283929,3512370,214168,16.4,0.19,0.0114,3737972,1043698,607233,0.4012,0.4304,0.3423,45.74,1045403
2016/2/22,341186282,17971657,185902,3459999,210328,16.45,0.19,0.0117,3680148,1045403,602543,0.4391,0.3541,0.2759,47.44,1078476
2016/2/23,341487030,19745153,300748,3344966,207534,16.12,0.17,0.0105,3583033,1078476,596459,0.7696,0.727,0.6855,42.75,1071746
2016/2/24,341663399,19120097,176369,3116082,191040,16.31,0.16,0.01,3321710,1071746,589490,0.5911,0.524,0.4436,43.93,1082236
2016/2/25,341836572,17687801,173173,3116515,191751,16.25,0.18,0.0108,3318090,1082236,587648,0.5773,0.4994,0.3911,47.44,1046950
2016/2/26,342123505,17774573,286933,3080355,191272,16.1,0.17,0.0108,3254778,1046950,584422,0.6298,0.6611,0.5853,46.93,1049388
2016/2/27,342302881,18021301,179376,3163737,193225,16.37,0.18,0.0107,3344446,1049388,582668,0.5519,0.4008,0.2625,46.2,1067102
2016/2/28,343052537,18786165,749656,3288511,199360,16.5,0.18,0.0106,3492440,1067102,597670,0.8954,0.878,0.1125,45.35,1101077
2016/2/29,343550911,19653090,498374,3161250,191288,16.53,0.16,0.0097,3370514,1101077,589472,0.6862,0.5194,0.1965,42.77,1099435
2016/3/1,343706708,19628204,155797,3088102,188470,16.39,0.16,0.0096,3278875,1099435,581941,0.3887,0.4473,0.2275,41.81,1091973
2016/3/2,343905917,19569555,199209,3038195,186874,16.26,0.16,0.0095,3246112,1091973,593484,0.6565,0.5474,0.1687,42.76,1089377
2016/3/3,344156864,19030543,250947,3021495,186612,16.19,0.16,0.0098,3221949,1089377,586172,0.4529,0.4051,0.1555,43.89,1101199
2016/3/4,344338441,17672992,181577,2957661,178087,16.61,0.17,0.0101,3128051,1101199,591155,0.4831,0.3807,0.3228,47.62,1062619
2016/3/5,344517035,17190781,178594,3076120,186656,16.48,0.18,0.0109,3255036,1062619,589538,0.4431,0.3328,0.2534,48.9,1075687
2016/3/6,344674001,15317969,156966,3121940,192569,16.21,0.2,0.0126,3312592,1075687,592444,0.4507,0.3278,0.2494,55.2,1099015
2016/3/7,344798845,14634746,124844,2944144,174582,16.86,0.2,0.0119,3138909,1099015,584807,0.4512,0.3623,0.2669,56.71,1032505
2016/3/8,344928505,14590931,129660,3068060,183243,16.74,0.21,0.0126,3256615,1032505,558671,0.4771,0.3737,0.275,56.65,1075282
2016/3/9,345066135,14828784,137630,3134879,193442,16.21,0.21,0.013,3316699,1075282,593348,0.4641,0.3696,0.2705,58.04,1055839
2016/3/10,345216312,14772920,150177,2993966,186864,16.02,0.2,0.0126,3183017,1055839,579712,0.6045,0.5049,0,55.93,1001986
2016/3/11,345342337,14983413,126025,2965381,182299,16.27,0.2,0.0122,3139372,1001986,557944,0.4428,0.4931,0,53.06,995892
2016/3/12,345728878,15169663,386541,3008213,184552,16.3,0.2,0.0122,3173426,995892,559445,0.5984,0.1129,0,52.58,1020062
2016/3/13,346121478,15168986,392600,3185876,195117,16.33,0.21,0.0129,3373576,1020062,580429,0.1366,0.1086,0,54.58,1043543
2016/3/14,346242316,14392137,120838,3081106,188072,16.38,0.21,0.0131,3254643,1043543,544325,0.4008,0,0,53.99,1183244
2016/3/15,346959058,15876279,716742,3457423,190334,18.17,0.22,0.012,3601861,1183244,606319,0,0,0,54.24,0
